Workbook

Sheet routine
A1: Start time | C1: Move type | D1: File | E1: Duration | F1: Repeat | G1: Start speed °/s | H1: kP | I1: kI | J1: Notes
A2: 0 | B2: =INT(A2/60000) & ":" & INT(MOD(A2/1000, 60)) & "." & TEXT(INT(MOD(A2/1, 1000)), "000") -> 0:0.000 | C2: start_only | D2: act_salto_p1_opening.csv | E2: =INDEX(movelist!B:B, MATCH($D2, movelist!A:A, 0)) -> 147467 | F2: false | G2: 190 | H2: 50 | I2: 2
A3: 150 | B3: =INT(A3/60000) & ":" & INT(MOD(A3/1000, 60)) & "." & TEXT(INT(MOD(A3/1, 1000)), "000") -> 0:0.150 | C3: movement | D3: act_salto_p1_opening.csv | E3: =INDEX(movelist!B:B, MATCH($D3, movelist!A:A, 0)) -> 147467 | F3: false | G3: 190 | H3: 50 | I3: 2
A4: 500 | B4: =INT(A4/60000) & ":" & INT(MOD(A4/1000, 60)) & "." & TEXT(INT(MOD(A4/1, 1000)), "000") -> 0:0.500 | C4: movement | D4: act_salto_slapstick_pose.csv | E4: =INDEX(movelist!B:B, MATCH($D4, movelist!A:A, 0)) -> 1000 | F4: false | G4: 75 | H4: 0 | I4: 0 | J4: OFF
A5: =A4 + 4000 -> 4500 | B5: =INT(A5/60000) & ":" & INT(MOD(A5/1000, 60)) & "." & TEXT(INT(MOD(A5/1, 1000)), "000") -> 0:4.500 | C5: movement | D5: act_salto_slapstick_pose.csv | E5: =INDEX(movelist!B:B, MATCH($D5, movelist!A:A, 0)) -> 1000 | F5: true | G5: 75 | H5: 0 | I5: 0.15 | J5: Iets spanning zodat benen niet overklappen
A6: =A5+4000 -> 8500 | B6: =INT(A6/60000) & ":" & INT(MOD(A6/1000, 60)) & "." & TEXT(INT(MOD(A6/1, 1000)), "000") -> 0:8.500 | C6: movement | D6: act_salto_slapstick_pose.csv | E6: =INDEX(movelist!B:B, MATCH($D6, movelist!A:A, 0)) -> 1000 | F6: false | G6: 75 | H6: 0 | I6: 0 | J6: OFF
A7: =A6 + 4000 -> 12500 | B7: =INT(A7/60000) & ":" & INT(MOD(A7/1000, 60)) & "." & TEXT(INT(MOD(A7/1, 1000)), "000") -> 0:12.500 | C7: movement | D7: act_salto_slapstick_pose.csv | E7: =INDEX(movelist!B:B, MATCH($D7, movelist!A:A, 0)) -> 1000 | F7: true | G7: 75 | H7: 0 | I7: 0.15 | J7: Iets spanning zodat benen niet overklappen
A8: =A7+4000 -> 16500 | B8: =INT(A8/60000) & ":" & INT(MOD(A8/1000, 60)) & "." & TEXT(INT(MOD(A8/1, 1000)), "000") -> 0:16.500 | C8: movement | D8: act_salto_slapstick_pose.csv | E8: =INDEX(movelist!B:B, MATCH($D8, movelist!A:A, 0)) -> 1000 | F8: false | G8: 75 | H8: 0 | I8: 0 | J8: OFF
A9: =A8 + 4000 -> 20500 | B9: =INT(A9/60000) & ":" & INT(MOD(A9/1000, 60)) & "." & TEXT(INT(MOD(A9/1, 1000)), "000") -> 0:20.500 | C9: movement | D9: act_salto_slapstick_pose.csv | E9: =INDEX(movelist!B:B, MATCH($D9, movelist!A:A, 0)) -> 1000 | F9: true | G9: 75 | H9: 0 | I9: 0.15 | J9: Iets spanning zodat benen niet overklappen
A10: =A9+4000 -> 24500 | B10: =INT(A10/60000) & ":" & INT(MOD(A10/1000, 60)) & "." & TEXT(INT(MOD(A10/1, 1000)), "000") -> 0:24.500 | C10: movement | D10: act_salto_slapstick_pose.csv | E10: =INDEX(movelist!B:B, MATCH($D10, movelist!A:A, 0)) -> 1000 | F10: false | G10: 75 | H10: 0 | I10: 0 | J10: OFF
A11: =A10 + 4000 -> 28500 | B11: =INT(A11/60000) & ":" & INT(MOD(A11/1000, 60)) & "." & TEXT(INT(MOD(A11/1, 1000)), "000") -> 0:28.500 | C11: movement | D11: act_salto_slapstick_pose.csv | E11: =INDEX(movelist!B:B, MATCH($D11, movelist!A:A, 0)) -> 1000 | F11: true | G11: 75 | H11: 0 | I11: 0.15 | J11: Iets spanning zodat benen niet overklappen
A12: =A11+4000 -> 32500 | B12: =INT(A12/60000) & ":" & INT(MOD(A12/1000, 60)) & "." & TEXT(INT(MOD(A12/1, 1000)), "000") -> 0:32.500 | C12: movement | D12: act_salto_slapstick_pose.csv | E12: =INDEX(movelist!B:B, MATCH($D12, movelist!A:A, 0)) -> 1000 | F12: false | G12: 75 | H12: 0 | I12: 0 | J12: OFF
A13: =A12 + 4000 -> 36500 | B13: =INT(A13/60000) & ":" & INT(MOD(A13/1000, 60)) & "." & TEXT(INT(MOD(A13/1, 1000)), "000") -> 0:36.500 | C13: movement | D13: act_salto_slapstick_pose.csv | E13: =INDEX(movelist!B:B, MATCH($D13, movelist!A:A, 0)) -> 1000 | F13: true | G13: 75 | H13: 0 | I13: 0.15 | J13: Iets spanning zodat benen niet overklappen
A14: =A13+4000 -> 40500 | B14: =INT(A14/60000) & ":" & INT(MOD(A14/1000, 60)) & "." & TEXT(INT(MOD(A14/1, 1000)), "000") -> 0:40.500 | C14: movement | D14: act_salto_slapstick_pose.csv | E14: =INDEX(movelist!B:B, MATCH($D14, movelist!A:A, 0)) -> 1000 | F14: false | G14: 75 | H14: 0 | I14: 0 | J14: OFF
A15: =A14 + 4000 -> 44500 | B15: =INT(A15/60000) & ":" & INT(MOD(A15/1000, 60)) & "." & TEXT(INT(MOD(A15/1, 1000)), "000") -> 0:44.500 | C15: movement | D15: act_salto_slapstick_pose.csv | E15: =INDEX(movelist!B:B, MATCH($D15, movelist!A:A, 0)) -> 1000 | F15: true | G15: 75 | H15: 0 | I15: 0.15 | J15: Iets spanning zodat benen niet overklappen
A16: =A15+4000 -> 48500 | B16: =INT(A16/60000) & ":" & INT(MOD(A16/1000, 60)) & "." & TEXT(INT(MOD(A16/1, 1000)), "000") -> 0:48.500 | C16: movement | D16: act_salto_slapstick_pose.csv | E16: =INDEX(movelist!B:B, MATCH($D16, movelist!A:A, 0)) -> 1000 | F16: false | G16: 75 | H16: 0 | I16: 0 | J16: OFF
A17: =A16 + 4000 -> 52500 | B17: =INT(A17/60000) & ":" & INT(MOD(A17/1000, 60)) & "." & TEXT(INT(MOD(A17/1, 1000)), "000") -> 0:52.500 | C17: movement | D17: act_salto_slapstick_pose.csv | E17: =INDEX(movelist!B:B, MATCH($D17, movelist!A:A, 0)) -> 1000 | F17: true | G17: 75 | H17: 0 | I17: 0.15 | J17: Iets spanning zodat benen niet overklappen
A18: =A17+4000 -> 56500 | B18: =INT(A18/60000) & ":" & INT(MOD(A18/1000, 60)) & "." & TEXT(INT(MOD(A18/1, 1000)), "000") -> 0:56.500 | C18: movement | D18: act_salto_slapstick_pose.csv | E18: =INDEX(movelist!B:B, MATCH($D18, movelist!A:A, 0)) -> 1000 | F18: false | G18: 75 | H18: 0 | I18: 0 | J18: OFF
A19: =A18 + 4000 -> 60500 | B19: =INT(A19/60000) & ":" & INT(MOD(A19/1000, 60)) & "." & TEXT(INT(MOD(A19/1, 1000)), "000") -> 1:0.500 | C19: movement | D19: act_salto_slapstick_pose.csv | E19: =INDEX(movelist!B:B, MATCH($D19, movelist!A:A, 0)) -> 1000 | F19: true | G19: 75 | H19: 0 | I19: 0.15 | J19: Iets spanning zodat benen niet overklappen
A20: =A19+4000 -> 64500 | B20: =INT(A20/60000) & ":" & INT(MOD(A20/1000, 60)) & "." & TEXT(INT(MOD(A20/1, 1000)), "000") -> 1:4.500 | C20: movement | D20: act_salto_slapstick_pose.csv | E20: =INDEX(movelist!B:B, MATCH($D20, movelist!A:A, 0)) -> 1000 | F20: false | G20: 75 | H20: 0 | I20: 0 | J20: OFF
A21: =A20 + 4000 -> 68500 | B21: =INT(A21/60000) & ":" & INT(MOD(A21/1000, 60)) & "." & TEXT(INT(MOD(A21/1, 1000)), "000") -> 1:8.500 | C21: movement | D21: act_salto_slapstick_pose.csv | E21: =INDEX(movelist!B:B, MATCH($D21, movelist!A:A, 0)) -> 1000 | F21: true | G21: 75 | H21: 0 | I21: 0.15 | J21: Iets spanning zodat benen niet overklappen
A22: =A21+4000 -> 72500 | B22: =INT(A22/60000) & ":" & INT(MOD(A22/1000, 60)) & "." & TEXT(INT(MOD(A22/1, 1000)), "000") -> 1:12.500 | C22: movement | D22: act_salto_slapstick_pose.csv | E22: =INDEX(movelist!B:B, MATCH($D22, movelist!A:A, 0)) -> 1000 | F22: false | G22: 75 | H22: 0 | I22: 0 | J22: OFF
A23: =A22 + 4000 -> 76500 | B23: =INT(A23/60000) & ":" & INT(MOD(A23/1000, 60)) & "." & TEXT(INT(MOD(A23/1, 1000)), "000") -> 1:16.500 | C23: movement | D23: act_salto_slapstick_pose.csv | E23: =INDEX(movelist!B:B, MATCH($D23, movelist!A:A, 0)) -> 1000 | F23: true | G23: 75 | H23: 0 | I23: 0.15 | J23: Iets spanning zodat benen niet overklappen
A24: =A23+4000 -> 80500 | B24: =INT(A24/60000) & ":" & INT(MOD(A24/1000, 60)) & "." & TEXT(INT(MOD(A24/1, 1000)), "000") -> 1:20.500 | C24: movement | D24: act_salto_slapstick_pose.csv | E24: =INDEX(movelist!B:B, MATCH($D24, movelist!A:A, 0)) -> 1000 | F24: false | G24: 75 | H24: 0 | I24: 0 | J24: OFF
A25: =A24 + 4000 -> 84500 | B25: =INT(A25/60000) & ":" & INT(MOD(A25/1000, 60)) & "." & TEXT(INT(MOD(A25/1, 1000)), "000") -> 1:24.500 | C25: movement | D25: act_salto_slapstick_pose.csv | E25: =INDEX(movelist!B:B, MATCH($D25, movelist!A:A, 0)) -> 1000 | F25: true | G25: 75 | H25: 0 | I25: 0.15 | J25: Iets spanning zodat benen niet overklappen
A26: =A25+4000 -> 88500 | B26: =INT(A26/60000) & ":" & INT(MOD(A26/1000, 60)) & "." & TEXT(INT(MOD(A26/1, 1000)), "000") -> 1:28.500 | C26: movement | D26: act_salto_slapstick_pose.csv | E26: =INDEX(movelist!B:B, MATCH($D26, movelist!A:A, 0)) -> 1000 | F26: false | G26: 75 | H26: 0 | I26: 0 | J26: OFF
A27: =A26 + 4000 -> 92500 | B27: =INT(A27/60000) & ":" & INT(MOD(A27/1000, 60)) & "." & TEXT(INT(MOD(A27/1, 1000)), "000") -> 1:32.500 | C27: movement | D27: act_salto_slapstick_pose.csv | E27: =INDEX(movelist!B:B, MATCH($D27, movelist!A:A, 0)) -> 1000 | F27: true | G27: 75 | H27: 0 | I27: 0.15 | J27: Iets spanning zodat benen niet overklappen
A28: =A27+4000 -> 96500 | B28: =INT(A28/60000) & ":" & INT(MOD(A28/1000, 60)) & "." & TEXT(INT(MOD(A28/1, 1000)), "000") -> 1:36.500 | C28: movement | D28: act_salto_slapstick_pose.csv | E28: =INDEX(movelist!B:B, MATCH($D28, movelist!A:A, 0)) -> 1000 | F28: false | G28: 75 | H28: 0 | I28: 0 | J28: OFF
A29: =A28 + 4000 -> 100500 | B29: =INT(A29/60000) & ":" & INT(MOD(A29/1000, 60)) & "." & TEXT(INT(MOD(A29/1, 1000)), "000") -> 1:40.500 | C29: movement | D29: act_salto_slapstick_pose.csv | E29: =INDEX(movelist!B:B, MATCH($D29, movelist!A:A, 0)) -> 1000 | F29: true | G29: 75 | H29: 0 | I29: 0.15 | J29: Iets spanning zodat benen niet overklappen
A30: =A29+4000 -> 104500 | B30: =INT(A30/60000) & ":" & INT(MOD(A30/1000, 60)) & "." & TEXT(INT(MOD(A30/1, 1000)), "000") -> 1:44.500 | C30: movement | D30: act_salto_slapstick_pose.csv | E30: =INDEX(movelist!B:B, MATCH($D30, movelist!A:A, 0)) -> 1000 | F30: false | G30: 75 | H30: 0 | I30: 0 | J30: OFF
A31: =A30 + 4000 -> 108500 | B31: =INT(A31/60000) & ":" & INT(MOD(A31/1000, 60)) & "." & TEXT(INT(MOD(A31/1, 1000)), "000") -> 1:48.500 | C31: movement | D31: act_salto_slapstick_pose.csv | E31: =INDEX(movelist!B:B, MATCH($D31, movelist!A:A, 0)) -> 1000 | F31: true | G31: 75 | H31: 0 | I31: 0.15 | J31: Iets spanning zodat benen niet overklappen
A32: =A31+4000 -> 112500 | B32: =INT(A32/60000) & ":" & INT(MOD(A32/1000, 60)) & "." & TEXT(INT(MOD(A32/1, 1000)), "000") -> 1:52.500 | C32: movement | D32: act_salto_slapstick_pose.csv | E32: =INDEX(movelist!B:B, MATCH($D32, movelist!A:A, 0)) -> 1000 | F32: false | G32: 75 | H32: 0 | I32: 0 | J32: OFF
A33: =A32 + 4000 -> 116500 | B33: =INT(A33/60000) & ":" & INT(MOD(A33/1000, 60)) & "." & TEXT(INT(MOD(A33/1, 1000)), "000") -> 1:56.500 | C33: movement | D33: act_salto_slapstick_pose.csv | E33: =INDEX(movelist!B:B, MATCH($D33, movelist!A:A, 0)) -> 1000 | F33: true | G33: 75 | H33: 0 | I33: 0.15 | J33: Iets spanning zodat benen niet overklappen
A34: =A33+4000 -> 120500 | B34: =INT(A34/60000) & ":" & INT(MOD(A34/1000, 60)) & "." & TEXT(INT(MOD(A34/1, 1000)), "000") -> 2:0.500 | C34: movement | D34: act_salto_slapstick_pose.csv | E34: =INDEX(movelist!B:B, MATCH($D34, movelist!A:A, 0)) -> 1000 | F34: false | G34: 75 | H34: 0 | I34: 0 | J34: OFF
A35: =A34 + 4000 -> 124500 | B35: =INT(A35/60000) & ":" & INT(MOD(A35/1000, 60)) & "." & TEXT(INT(MOD(A35/1, 1000)), "000") -> 2:4.500 | C35: movement | D35: act_salto_slapstick_pose.csv | E35: =INDEX(movelist!B:B, MATCH($D35, movelist!A:A, 0)) -> 1000 | F35: true | G35: 75 | H35: 0 | I35: 0.15 | J35: Iets spanning zodat benen niet overklappen
A36: =A35+4000 -> 128500 | B36: =INT(A36/60000) & ":" & INT(MOD(A36/1000, 60)) & "." & TEXT(INT(MOD(A36/1, 1000)), "000") -> 2:8.500 | C36: movement | D36: act_salto_slapstick_pose.csv | E36: =INDEX(movelist!B:B, MATCH($D36, movelist!A:A, 0)) -> 1000 | F36: false | G36: 75 | H36: 0 | I36: 0 | J36: OFF
A37: =A36 + 4000 -> 132500 | B37: =INT(A37/60000) & ":" & INT(MOD(A37/1000, 60)) & "." & TEXT(INT(MOD(A37/1, 1000)), "000") -> 2:12.500 | C37: movement | D37: act_salto_slapstick_pose.csv | E37: =INDEX(movelist!B:B, MATCH($D37, movelist!A:A, 0)) -> 1000 | F37: true | G37: 75 | H37: 0 | I37: 0.15 | J37: Iets spanning zodat benen niet overklappen
A38: =A37+4000 -> 136500 | B38: =INT(A38/60000) & ":" & INT(MOD(A38/1000, 60)) & "." & TEXT(INT(MOD(A38/1, 1000)), "000") -> 2:16.500 | C38: movement | D38: act_salto_slapstick_pose.csv | E38: =INDEX(movelist!B:B, MATCH($D38, movelist!A:A, 0)) -> 1000 | F38: false | G38: 75 | H38: 0 | I38: 0 | J38: OFF
A39: =A38 + 4000 -> 140500 | B39: =INT(A39/60000) & ":" & INT(MOD(A39/1000, 60)) & "." & TEXT(INT(MOD(A39/1, 1000)), "000") -> 2:20.500 | C39: movement | D39: act_salto_slapstick_pose.csv | E39: =INDEX(movelist!B:B, MATCH($D39, movelist!A:A, 0)) -> 1000 | F39: true | G39: 75 | H39: 0 | I39: 0.15 | J39: Iets spanning zodat benen niet overklappen
A40: =A39+4000 -> 144500 | B40: =INT(A40/60000) & ":" & INT(MOD(A40/1000, 60)) & "." & TEXT(INT(MOD(A40/1, 1000)), "000") -> 2:24.500 | C40: movement | D40: act_salto_slapstick_pose.csv | E40: =INDEX(movelist!B:B, MATCH($D40, movelist!A:A, 0)) -> 1000 | F40: false | G40: 75 | H40: 0 | I40: 0 | J40: OFF
A41: =A40 + 4000 -> 148500 | B41: =INT(A41/60000) & ":" & INT(MOD(A41/1000, 60)) & "." & TEXT(INT(MOD(A41/1, 1000)), "000") -> 2:28.500 | C41: movement | D41: act_salto_slapstick_pose.csv | E41: =INDEX(movelist!B:B, MATCH($D41, movelist!A:A, 0)) -> 1000 | F41: true | G41: 75 | H41: 0 | I41: 0.15 | J41: Iets spanning zodat benen niet overklappen
A42: =A41+4000 -> 152500 | B42: =INT(A42/60000) & ":" & INT(MOD(A42/1000, 60)) & "." & TEXT(INT(MOD(A42/1, 1000)), "000") -> 2:32.500 | C42: movement | D42: act_salto_slapstick_pose.csv | E42: =INDEX(movelist!B:B, MATCH($D42, movelist!A:A, 0)) -> 1000 | F42: false | G42: 75 | H42: 0 | I42: 0 | J42: OFF
A43: =A42 + 4000 -> 156500 | B43: =INT(A43/60000) & ":" & INT(MOD(A43/1000, 60)) & "." & TEXT(INT(MOD(A43/1, 1000)), "000") -> 2:36.500 | C43: movement | D43: act_salto_slapstick_pose.csv | E43: =INDEX(movelist!B:B, MATCH($D43, movelist!A:A, 0)) -> 1000 | F43: true | G43: 75 | H43: 0 | I43: 0.15 | J43: Iets spanning zodat benen niet overklappen
A44: =A43+4000 -> 160500 | B44: =INT(A44/60000) & ":" & INT(MOD(A44/1000, 60)) & "." & TEXT(INT(MOD(A44/1, 1000)), "000") -> 2:40.500 | C44: movement | D44: act_salto_slapstick_pose.csv | E44: =INDEX(movelist!B:B, MATCH($D44, movelist!A:A, 0)) -> 1000 | F44: false | G44: 75 | H44: 0 | I44: 0 | J44: OFF
A45: =A44 + 4000 -> 164500 | B45: =INT(A45/60000) & ":" & INT(MOD(A45/1000, 60)) & "." & TEXT(INT(MOD(A45/1, 1000)), "000") -> 2:44.500 | C45: movement | D45: act_salto_slapstick_pose.csv | E45: =INDEX(movelist!B:B, MATCH($D45, movelist!A:A, 0)) -> 1000 | F45: true | G45: 75 | H45: 0 | I45: 0.15 | J45: Iets spanning zodat benen niet overklappen
A46: =A45+4000 -> 168500 | B46: =INT(A46/60000) & ":" & INT(MOD(A46/1000, 60)) & "." & TEXT(INT(MOD(A46/1, 1000)), "000") -> 2:48.500 | C46: movement | D46: act_salto_slapstick_pose.csv | E46: =INDEX(movelist!B:B, MATCH($D46, movelist!A:A, 0)) -> 1000 | F46: false | G46: 75 | H46: 0 | I46: 0 | J46: OFF
A47: =A46 + 4000 -> 172500 | B47: =INT(A47/60000) & ":" & INT(MOD(A47/1000, 60)) & "." & TEXT(INT(MOD(A47/1, 1000)), "000") -> 2:52.500 | C47: movement | D47: act_salto_slapstick_pose.csv | E47: =INDEX(movelist!B:B, MATCH($D47, movelist!A:A, 0)) -> 1000 | F47: true | G47: 75 | H47: 0 | I47: 0.15 | J47: Iets spanning zodat benen niet overklappen
A48: =A47+4000 -> 176500 | B48: =INT(A48/60000) & ":" & INT(MOD(A48/1000, 60)) & "." & TEXT(INT(MOD(A48/1, 1000)), "000") -> 2:56.500 | C48: movement | D48: act_salto_slapstick_pose.csv | E48: =INDEX(movelist!B:B, MATCH($D48, movelist!A:A, 0)) -> 1000 | F48: false | G48: 75 | H48: 0 | I48: 0 | J48: OFF
A49: =A48 + 4000 -> 180500 | B49: =INT(A49/60000) & ":" & INT(MOD(A49/1000, 60)) & "." & TEXT(INT(MOD(A49/1, 1000)), "000") -> 3:0.500 | C49: movement | D49: act_salto_slapstick_pose.csv | E49: =INDEX(movelist!B:B, MATCH($D49, movelist!A:A, 0)) -> 1000 | F49: true | G49: 75 | H49: 0 | I49: 0.15 | J49: Iets spanning zodat benen niet overklappen
A50: =A49+4000 -> 184500 | B50: =INT(A50/60000) & ":" & INT(MOD(A50/1000, 60)) & "." & TEXT(INT(MOD(A50/1, 1000)), "000") -> 3:4.500 | C50: movement | D50: act_salto_slapstick_pose.csv | E50: =INDEX(movelist!B:B, MATCH($D50, movelist!A:A, 0)) -> 1000 | F50: false | G50: 75 | H50: 0 | I50: 0 | J50: OFF
A51: =A50 + 4000 -> 188500 | B51: =INT(A51/60000) & ":" & INT(MOD(A51/1000, 60)) & "." & TEXT(INT(MOD(A51/1, 1000)), "000") -> 3:8.500 | C51: movement | D51: act_salto_slapstick_pose.csv | E51: =INDEX(movelist!B:B, MATCH($D51, movelist!A:A, 0)) -> 1000 | F51: true | G51: 75 | H51: 0 | I51: 0.15 | J51: Iets spanning zodat benen niet overklappen
A52: =A51+4000 -> 192500 | B52: =INT(A52/60000) & ":" & INT(MOD(A52/1000, 60)) & "." & TEXT(INT(MOD(A52/1, 1000)), "000") -> 3:12.500 | C52: movement | D52: act_salto_slapstick_pose.csv | E52: =INDEX(movelist!B:B, MATCH($D52, movelist!A:A, 0)) -> 1000 | F52: false | G52: 75 | H52: 0 | I52: 0 | J52: OFF
A53: =A52 + 4000 -> 196500 | B53: =INT(A53/60000) & ":" & INT(MOD(A53/1000, 60)) & "." & TEXT(INT(MOD(A53/1, 1000)), "000") -> 3:16.500 | C53: movement | D53: act_salto_slapstick_pose.csv | E53: =INDEX(movelist!B:B, MATCH($D53, movelist!A:A, 0)) -> 1000 | F53: true | G53: 75 | H53: 0 | I53: 0.15 | J53: Iets spanning zodat benen niet overklappen
A54: =A53+4000 -> 200500 | B54: =INT(A54/60000) & ":" & INT(MOD(A54/1000, 60)) & "." & TEXT(INT(MOD(A54/1, 1000)), "000") -> 3:20.500 | C54: movement | D54: act_salto_slapstick_pose.csv | E54: =INDEX(movelist!B:B, MATCH($D54, movelist!A:A, 0)) -> 1000 | F54: false | G54: 75 | H54: 0 | I54: 0 | J54: OFF
A55: =A54 + 4000 -> 204500 | B55: =INT(A55/60000) & ":" & INT(MOD(A55/1000, 60)) & "." & TEXT(INT(MOD(A55/1, 1000)), "000") -> 3:24.500 | C55: movement | D55: act_salto_slapstick_pose.csv | E55: =INDEX(movelist!B:B, MATCH($D55, movelist!A:A, 0)) -> 1000 | F55: true | G55: 75 | H55: 0 | I55: 0.15 | J55: Iets spanning zodat benen niet overklappen
A56: =A55+4000 -> 208500 | B56: =INT(A56/60000) & ":" & INT(MOD(A56/1000, 60)) & "." & TEXT(INT(MOD(A56/1, 1000)), "000") -> 3:28.500 | C56: movement | D56: act_salto_slapstick_pose.csv | E56: =INDEX(movelist!B:B, MATCH($D56, movelist!A:A, 0)) -> 1000 | F56: false | G56: 75 | H56: 0 | I56: 0 | J56: OFF
A57: =A56 + 4000 -> 212500 | B57: =INT(A57/60000) & ":" & INT(MOD(A57/1000, 60)) & "." & TEXT(INT(MOD(A57/1, 1000)), "000") -> 3:32.500 | C57: movement | D57: act_salto_slapstick_pose.csv | E57: =INDEX(movelist!B:B, MATCH($D57, movelist!A:A, 0)) -> 1000 | F57: true | G57: 75 | H57: 0 | I57: 0.15 | J57: Iets spanning zodat benen niet overklappen
A58: =A57+4000 -> 216500 | B58: =INT(A58/60000) & ":" & INT(MOD(A58/1000, 60)) & "." & TEXT(INT(MOD(A58/1, 1000)), "000") -> 3:36.500 | C58: movement | D58: act_salto_slapstick_pose.csv | E58: =INDEX(movelist!B:B, MATCH($D58, movelist!A:A, 0)) -> 1000 | F58: false | G58: 75 | H58: 0 | I58: 0 | J58: OFF
A59: =A58 + 4000 -> 220500 | B59: =INT(A59/60000) & ":" & INT(MOD(A59/1000, 60)) & "." & TEXT(INT(MOD(A59/1, 1000)), "000") -> 3:40.500 | C59: movement | D59: act_salto_slapstick_pose.csv | E59: =INDEX(movelist!B:B, MATCH($D59, movelist!A:A, 0)) -> 1000 | F59: true | G59: 75 | H59: 0 | I59: 0.15 | J59: Iets spanning zodat benen niet overklappen
A60: =A59+4000 -> 224500 | B60: =INT(A60/60000) & ":" & INT(MOD(A60/1000, 60)) & "." & TEXT(INT(MOD(A60/1, 1000)), "000") -> 3:44.500 | C60: movement | D60: act_salto_slapstick_pose.csv | E60: =INDEX(movelist!B:B, MATCH($D60, movelist!A:A, 0)) -> 1000 | F60: false | G60: 75 | H60: 0 | I60: 0 | J60: OFF
A61: =A60 + 4000 -> 228500 | B61: =INT(A61/60000) & ":" & INT(MOD(A61/1000, 60)) & "." & TEXT(INT(MOD(A61/1, 1000)), "000") -> 3:48.500 | C61: movement | D61: act_salto_slapstick_pose.csv | E61: =INDEX(movelist!B:B, MATCH($D61, movelist!A:A, 0)) -> 1000 | F61: true | G61: 75 | H61: 0 | I61: 0.15 | J61: Iets spanning zodat benen niet overklappen
A62: =A61+4000 -> 232500 | B62: =INT(A62/60000) & ":" & INT(MOD(A62/1000, 60)) & "." & TEXT(INT(MOD(A62/1, 1000)), "000") -> 3:52.500 | C62: movement | D62: act_salto_slapstick_pose.csv | E62: =INDEX(movelist!B:B, MATCH($D62, movelist!A:A, 0)) -> 1000 | F62: false | G62: 75 | H62: 0 | I62: 0 | J62: OFF
A63: =A62 + 4000 -> 236500 | B63: =INT(A63/60000) & ":" & INT(MOD(A63/1000, 60)) & "." & TEXT(INT(MOD(A63/1, 1000)), "000") -> 3:56.500 | C63: movement | D63: act_salto_slapstick_pose.csv | E63: =INDEX(movelist!B:B, MATCH($D63, movelist!A:A, 0)) -> 1000 | F63: true | G63: 75 | H63: 0 | I63: 0.15 | J63: Iets spanning zodat benen niet overklappen
A64: =A63+4000 -> 240500 | B64: =INT(A64/60000) & ":" & INT(MOD(A64/1000, 60)) & "." & TEXT(INT(MOD(A64/1, 1000)), "000") -> 4:0.500 | C64: movement | D64: act_salto_slapstick_pose.csv | E64: =INDEX(movelist!B:B, MATCH($D64, movelist!A:A, 0)) -> 1000 | F64: false | G64: 75 | H64: 0 | I64: 0 | J64: OFF
A65: =A64 + 4000 -> 244500 | B65: =INT(A65/60000) & ":" & INT(MOD(A65/1000, 60)) & "." & TEXT(INT(MOD(A65/1, 1000)), "000") -> 4:4.500 | C65: movement | D65: act_salto_slapstick_pose.csv | E65: =INDEX(movelist!B:B, MATCH($D65, movelist!A:A, 0)) -> 1000 | F65: true | G65: 75 | H65: 0 | I65: 0.15 | J65: Iets spanning zodat benen niet overklappen
A66: =A65+4000 -> 248500 | B66: =INT(A66/60000) & ":" & INT(MOD(A66/1000, 60)) & "." & TEXT(INT(MOD(A66/1, 1000)), "000") -> 4:8.500 | C66: movement | D66: act_salto_slapstick_pose.csv | E66: =INDEX(movelist!B:B, MATCH($D66, movelist!A:A, 0)) -> 1000 | F66: false | G66: 75 | H66: 0 | I66: 0 | J66: OFF
A67: =A66 + 4000 -> 252500 | B67: =INT(A67/60000) & ":" & INT(MOD(A67/1000, 60)) & "." & TEXT(INT(MOD(A67/1, 1000)), "000") -> 4:12.500 | C67: movement | D67: act_salto_slapstick_pose.csv | E67: =INDEX(movelist!B:B, MATCH($D67, movelist!A:A, 0)) -> 1000 | F67: true | G67: 75 | H67: 0 | I67: 0.15 | J67: Iets spanning zodat benen niet overklappen
A68: =A67+4000 -> 256500 | B68: =INT(A68/60000) & ":" & INT(MOD(A68/1000, 60)) & "." & TEXT(INT(MOD(A68/1, 1000)), "000") -> 4:16.500 | C68: movement | D68: act_salto_slapstick_pose.csv | E68: =INDEX(movelist!B:B, MATCH($D68, movelist!A:A, 0)) -> 1000 | F68: false | G68: 75 | H68: 0 | I68: 0 | J68: OFF
A69: =A68 + 4000 -> 260500 | B69: =INT(A69/60000) & ":" & INT(MOD(A69/1000, 60)) & "." & TEXT(INT(MOD(A69/1, 1000)), "000") -> 4:20.500 | C69: movement | D69: act_salto_slapstick_pose.csv | E69: =INDEX(movelist!B:B, MATCH($D69, movelist!A:A, 0)) -> 1000 | F69: true | G69: 75 | H69: 0 | I69: 0.15 | J69: Iets spanning zodat benen niet overklappen
A70: =A69+4000 -> 264500 | B70: =INT(A70/60000) & ":" & INT(MOD(A70/1000, 60)) & "." & TEXT(INT(MOD(A70/1, 1000)), "000") -> 4:24.500 | C70: movement | D70: act_salto_slapstick_pose.csv | E70: =INDEX(movelist!B:B, MATCH($D70, movelist!A:A, 0)) -> 1000 | F70: false | G70: 75 | H70: 0 | I70: 0 | J70: OFF
A71: =A70 + 4000 -> 268500 | B71: =INT(A71/60000) & ":" & INT(MOD(A71/1000, 60)) & "." & TEXT(INT(MOD(A71/1, 1000)), "000") -> 4:28.500 | C71: movement | D71: act_salto_slapstick_pose.csv | E71: =INDEX(movelist!B:B, MATCH($D71, movelist!A:A, 0)) -> 1000 | F71: true | G71: 75 | H71: 0 | I71: 0.15 | J71: Iets spanning zodat benen niet overklappen
A72: =A71+4000 -> 272500 | B72: =INT(A72/60000) & ":" & INT(MOD(A72/1000, 60)) & "." & TEXT(INT(MOD(A72/1, 1000)), "000") -> 4:32.500 | C72: movement | D72: act_salto_slapstick_pose.csv | E72: =INDEX(movelist!B:B, MATCH($D72, movelist!A:A, 0)) -> 1000 | F72: false | G72: 75 | H72: 0 | I72: 0 | J72: OFF
A73: =A72 + 4000 -> 276500 | B73: =INT(A73/60000) & ":" & INT(MOD(A73/1000, 60)) & "." & TEXT(INT(MOD(A73/1, 1000)), "000") -> 4:36.500 | C73: movement | D73: act_salto_slapstick_pose.csv | E73: =INDEX(movelist!B:B, MATCH($D73, movelist!A:A, 0)) -> 1000 | F73: true | G73: 75 | H73: 0 | I73: 0.15 | J73: Iets spanning zodat benen niet overklappen
A74: =A73+4000 -> 280500 | B74: =INT(A74/60000) & ":" & INT(MOD(A74/1000, 60)) & "." & TEXT(INT(MOD(A74/1, 1000)), "000") -> 4:40.500 | C74: movement | D74: act_salto_slapstick_pose.csv | E74: =INDEX(movelist!B:B, MATCH($D74, movelist!A:A, 0)) -> 1000 | F74: false | G74: 75 | H74: 0 | I74: 0 | J74: OFF
A75: =A74 + 4000 -> 284500 | B75: =INT(A75/60000) & ":" & INT(MOD(A75/1000, 60)) & "." & TEXT(INT(MOD(A75/1, 1000)), "000") -> 4:44.500 | C75: movement | D75: act_salto_slapstick_pose.csv | E75: =INDEX(movelist!B:B, MATCH($D75, movelist!A:A, 0)) -> 1000 | F75: true | G75: 75 | H75: 0 | I75: 0.15 | J75: Iets spanning zodat benen niet overklappen
A76: =A75+4000 -> 288500 | B76: =INT(A76/60000) & ":" & INT(MOD(A76/1000, 60)) & "." & TEXT(INT(MOD(A76/1, 1000)), "000") -> 4:48.500 | C76: movement | D76: act_salto_slapstick_pose.csv | E76: =INDEX(movelist!B:B, MATCH($D76, movelist!A:A, 0)) -> 1000 | F76: false | G76: 75 | H76: 0 | I76: 0 | J76: OFF
A77: =A76 + 4000 -> 292500 | B77: =INT(A77/60000) & ":" & INT(MOD(A77/1000, 60)) & "." & TEXT(INT(MOD(A77/1, 1000)), "000") -> 4:52.500 | C77: movement | D77: act_salto_slapstick_pose.csv | E77: =INDEX(movelist!B:B, MATCH($D77, movelist!A:A, 0)) -> 1000 | F77: true | G77: 75 | H77: 0 | I77: 0.15 | J77: Iets spanning zodat benen niet overklappen
A78: =A77+4000 -> 296500 | B78: =INT(A78/60000) & ":" & INT(MOD(A78/1000, 60)) & "." & TEXT(INT(MOD(A78/1, 1000)), "000") -> 4:56.500 | C78: movement | D78: act_salto_slapstick_pose.csv | E78: =INDEX(movelist!B:B, MATCH($D78, movelist!A:A, 0)) -> 1000 | F78: false | G78: 75 | H78: 0 | I78: 0 | J78: OFF
A79: =A78 + 4000 -> 300500 | B79: =INT(A79/60000) & ":" & INT(MOD(A79/1000, 60)) & "." & TEXT(INT(MOD(A79/1, 1000)), "000") -> 5:0.500 | C79: movement | D79: act_salto_slapstick_pose.csv | E79: =INDEX(movelist!B:B, MATCH($D79, movelist!A:A, 0)) -> 1000 | F79: true | G79: 75 | H79: 0 | I79: 0.15 | J79: Iets spanning zodat benen niet overklappen
A80: =A79+4000 -> 304500 | B80: =INT(A80/60000) & ":" & INT(MOD(A80/1000, 60)) & "." & TEXT(INT(MOD(A80/1, 1000)), "000") -> 5:4.500 | C80: movement | D80: act_salto_slapstick_pose.csv | E80: =INDEX(movelist!B:B, MATCH($D80, movelist!A:A, 0)) -> 1000 | F80: false | G80: 75 | H80: 0 | I80: 0 | J80: OFF
A81: =A80 + 4000 -> 308500 | B81: =INT(A81/60000) & ":" & INT(MOD(A81/1000, 60)) & "." & TEXT(INT(MOD(A81/1, 1000)), "000") -> 5:8.500 | C81: movement | D81: act_salto_slapstick_pose.csv | E81: =INDEX(movelist!B:B, MATCH($D81, movelist!A:A, 0)) -> 1000 | F81: true | G81: 75 | H81: 0 | I81: 0.15 | J81: Iets spanning zodat benen niet overklappen
A82: =A81+4000 -> 312500 | B82: =INT(A82/60000) & ":" & INT(MOD(A82/1000, 60)) & "." & TEXT(INT(MOD(A82/1, 1000)), "000") -> 5:12.500 | C82: movement | D82: act_salto_slapstick_pose.csv | E82: =INDEX(movelist!B:B, MATCH($D82, movelist!A:A, 0)) -> 1000 | F82: false | G82: 75 | H82: 0 | I82: 0 | J82: OFF
A83: =A82 + 4000 -> 316500 | B83: =INT(A83/60000) & ":" & INT(MOD(A83/1000, 60)) & "." & TEXT(INT(MOD(A83/1, 1000)), "000") -> 5:16.500 | C83: movement | D83: act_salto_slapstick_pose.csv | E83: =INDEX(movelist!B:B, MATCH($D83, movelist!A:A, 0)) -> 1000 | F83: true | G83: 75 | H83: 0 | I83: 0.15 | J83: Iets spanning zodat benen niet overklappen
A84: =A83+4000 -> 320500 | B84: =INT(A84/60000) & ":" & INT(MOD(A84/1000, 60)) & "." & TEXT(INT(MOD(A84/1, 1000)), "000") -> 5:20.500 | C84: movement | D84: act_salto_slapstick_pose.csv | E84: =INDEX(movelist!B:B, MATCH($D84, movelist!A:A, 0)) -> 1000 | F84: false | G84: 75 | H84: 0 | I84: 0 | J84: OFF
A85: =A84 + 4000 -> 324500 | B85: =INT(A85/60000) & ":" & INT(MOD(A85/1000, 60)) & "." & TEXT(INT(MOD(A85/1, 1000)), "000") -> 5:24.500 | C85: movement | D85: act_salto_slapstick_pose.csv | E85: =INDEX(movelist!B:B, MATCH($D85, movelist!A:A, 0)) -> 1000 | F85: true | G85: 75 | H85: 0 | I85: 0.15 | J85: Iets spanning zodat benen niet overklappen
A86: =A85+4000 -> 328500 | B86: =INT(A86/60000) & ":" & INT(MOD(A86/1000, 60)) & "." & TEXT(INT(MOD(A86/1, 1000)), "000") -> 5:28.500 | C86: movement | D86: act_salto_slapstick_pose.csv | E86: =INDEX(movelist!B:B, MATCH($D86, movelist!A:A, 0)) -> 1000 | F86: false | G86: 75 | H86: 0 | I86: 0 | J86: OFF
A87: =A86 + 4000 -> 332500 | B87: =INT(A87/60000) & ":" & INT(MOD(A87/1000, 60)) & "." & TEXT(INT(MOD(A87/1, 1000)), "000") -> 5:32.500 | C87: movement | D87: act_salto_slapstick_pose.csv | E87: =INDEX(movelist!B:B, MATCH($D87, movelist!A:A, 0)) -> 1000 | F87: true | G87: 75 | H87: 0 | I87: 0.15 | J87: Iets spanning zodat benen niet overklappen
A88: =A87+4000 -> 336500 | B88: =INT(A88/60000) & ":" & INT(MOD(A88/1000, 60)) & "." & TEXT(INT(MOD(A88/1, 1000)), "000") -> 5:36.500 | C88: movement | D88: act_salto_slapstick_pose.csv | E88: =INDEX(movelist!B:B, MATCH($D88, movelist!A:A, 0)) -> 1000 | F88: false | G88: 75 | H88: 0 | I88: 0 | J88: OFF
A89: =A88 + 4000 -> 340500 | B89: =INT(A89/60000) & ":" & INT(MOD(A89/1000, 60)) & "." & TEXT(INT(MOD(A89/1, 1000)), "000") -> 5:40.500 | C89: movement | D89: act_salto_slapstick_pose.csv | E89: =INDEX(movelist!B:B, MATCH($D89, movelist!A:A, 0)) -> 1000 | F89: true | G89: 75 | H89: 0 | I89: 0.15 | J89: Iets spanning zodat benen niet overklappen
A90: =A89+4000 -> 344500 | B90: =INT(A90/60000) & ":" & INT(MOD(A90/1000, 60)) & "." & TEXT(INT(MOD(A90/1, 1000)), "000") -> 5:44.500 | C90: movement | D90: act_salto_slapstick_pose.csv | E90: =INDEX(movelist!B:B, MATCH($D90, movelist!A:A, 0)) -> 1000 | F90: false | G90: 75 | H90: 0 | I90: 0 | J90: OFF
A91: =A90 + 4000 -> 348500 | B91: =INT(A91/60000) & ":" & INT(MOD(A91/1000, 60)) & "." & TEXT(INT(MOD(A91/1, 1000)), "000") -> 5:48.500 | C91: movement | D91: act_salto_slapstick_pose.csv | E91: =INDEX(movelist!B:B, MATCH($D91, movelist!A:A, 0)) -> 1000 | F91: true | G91: 75 | H91: 0 | I91: 0.15 | J91: Iets spanning zodat benen niet overklappen
A92: =A91+4000 -> 352500 | B92: =INT(A92/60000) & ":" & INT(MOD(A92/1000, 60)) & "." & TEXT(INT(MOD(A92/1, 1000)), "000") -> 5:52.500 | C92: movement | D92: act_salto_slapstick_pose.csv | E92: =INDEX(movelist!B:B, MATCH($D92, movelist!A:A, 0)) -> 1000 | F92: false | G92: 75 | H92: 0 | I92: 0 | J92: OFF
A93: =A92 + 4000 -> 356500 | B93: =INT(A93/60000) & ":" & INT(MOD(A93/1000, 60)) & "." & TEXT(INT(MOD(A93/1, 1000)), "000") -> 5:56.500 | C93: movement | D93: act_salto_slapstick_pose.csv | E93: =INDEX(movelist!B:B, MATCH($D93, movelist!A:A, 0)) -> 1000 | F93: true | G93: 75 | H93: 0 | I93: 0.15 | J93: Iets spanning zodat benen niet overklappen
A94: =A93+4000 -> 360500 | B94: =INT(A94/60000) & ":" & INT(MOD(A94/1000, 60)) & "." & TEXT(INT(MOD(A94/1, 1000)), "000") -> 6:0.500 | C94: movement | D94: act_salto_slapstick_pose.csv | E94: =INDEX(movelist!B:B, MATCH($D94, movelist!A:A, 0)) -> 1000 | F94: false | G94: 75 | H94: 0 | I94: 0 | J94: OFF
A95: =A94 + 4000 -> 364500 | B95: =INT(A95/60000) & ":" & INT(MOD(A95/1000, 60)) & "." & TEXT(INT(MOD(A95/1, 1000)), "000") -> 6:4.500 | C95: movement | D95: act_salto_slapstick_pose.csv | E95: =INDEX(movelist!B:B, MATCH($D95, movelist!A:A, 0)) -> 1000 | F95: true | G95: 75 | H95: 0 | I95: 0.15 | J95: Iets spanning zodat benen niet overklappen
A96: =A95+4000 -> 368500 | B96: =INT(A96/60000) & ":" & INT(MOD(A96/1000, 60)) & "." & TEXT(INT(MOD(A96/1, 1000)), "000") -> 6:8.500 | C96: movement | D96: act_salto_slapstick_pose.csv | E96: =INDEX(movelist!B:B, MATCH($D96, movelist!A:A, 0)) -> 1000 | F96: false | G96: 75 | H96: 0 | I96: 0 | J96: OFF
A97: =A96 + 4000 -> 372500 | B97: =INT(A97/60000) & ":" & INT(MOD(A97/1000, 60)) & "." & TEXT(INT(MOD(A97/1, 1000)), "000") -> 6:12.500 | C97: movement | D97: act_salto_slapstick_pose.csv | E97: =INDEX(movelist!B:B, MATCH($D97, movelist!A:A, 0)) -> 1000 | F97: true | G97: 75 | H97: 0 | I97: 0.15 | J97: Iets spanning zodat benen niet overklappen
A98: =A97+4000 -> 376500 | B98: =INT(A98/60000) & ":" & INT(MOD(A98/1000, 60)) & "." & TEXT(INT(MOD(A98/1, 1000)), "000") -> 6:16.500 | C98: movement | D98: act_salto_slapstick_pose.csv | E98: =INDEX(movelist!B:B, MATCH($D98, movelist!A:A, 0)) -> 1000 | F98: false | G98: 75 | H98: 0 | I98: 0 | J98: OFF
A99: =A98 + 4000 -> 380500 | B99: =INT(A99/60000) & ":" & INT(MOD(A99/1000, 60)) & "." & TEXT(INT(MOD(A99/1, 1000)), "000") -> 6:20.500 | C99: movement | D99: act_salto_slapstick_pose.csv | E99: =INDEX(movelist!B:B, MATCH($D99, movelist!A:A, 0)) -> 1000 | F99: true | G99: 75 | H99: 0 | I99: 0.15 | J99: Iets spanning zodat benen niet overklappen
A100: =A99+4000 -> 384500 | B100: =INT(A100/60000) & ":" & INT(MOD(A100/1000, 60)) & "." & TEXT(INT(MOD(A100/1, 1000)), "000") -> 6:24.500 | C100: movement | D100: act_salto_slapstick_pose.csv | E100: =INDEX(movelist!B:B, MATCH($D100, movelist!A:A, 0)) -> 1000 | F100: false | G100: 75 | H100: 0 | I100: 0 | J100: OFF
...

Sheet movelist
A2: acro2_backflip.csv | B2: 7500
A3: acro2_backflip_pause.csv | B3: 13500
A4: acro2_backflip_pause_v2.csv | B4: 17033
A5: acro_cannonball_f2h.csv | B5: 8467
A6: acro_contra_rolldown.csv | B6: 19733
A7: acro_curbet.csv | B7: 13800
A8: acro_leg_exchange_L2R.csv | B8: 13033
A9: acro_podcheska.csv | B9: 7500
A10: acro_podzieska_contra.csv | B10: 8233
A11: act_explanation_01_wave.csv | B11: 178167
A12: act_explanation_02_schrik.csv | B12: 60567
A13: act_explanation_03_schouders.csv | B13: 74033
... A161: act_salto_slapstick_pose.csv | B161: 1000
